type,time,latitude,longitude,altitude (m),speed (km/h),pace (min/km),course,distance (km),distance_interval (m),color,name,desc,found,
T,13:47:19,52.35844178,4.950283868,-5,1.2,50.13,294.3,0.914,3.66,,,,1,
T,13:49:43,52.35857656,4.949703505,-4.3,0.8,72.33,279.9,0.964,1.84,,,,2,50
T,13:49:54,52.35861814,4.949678527,-4.2,1.6,37.19,339.9,0.969,4.93,,,,3,5
T,13:52:26,52.35846533,4.949135883,-3.6,2.4,25.12,244.7,1.014,5.97,,,,4,45
T,13:53:34,52.35855728,4.948541857,-3.4,0.8,78.09,342.5,1.057,2.35,,,,5,43
T,13:59:11,52.36003359,4.948078003,-2.2,0.3,225.14,316.8,1.369,0.67,,,,6,312
T,14:00:40,52.36027071,4.948050007,-2.5,0.8,79.34,351.5,1.402,2.31,,,,7,33
T,14:01:34,52.36055293,4.948074231,-1.2,1.1,53.14,15.1,1.434,3.45,,,,8,32
T,14:03:37,52.36108979,4.948220663,-1.6,1,61.32,21.5,1.496,2.72,,,,9,62
T,14:04:02,52.36112617,4.948195014,-1.5,0.8,79.7,26.8,1.502,1.88,,,,10,6
T,14:04:45,52.36111561,4.948299034,-1.9,1,60.87,91.7,1.511,4.11,,,,11,9
T,14:05:09,52.36111569,4.948250251,-1.3,0.9,69.95,228.2,1.517,3.34,,,,12,6
T,14:08:18,52.36193905,4.94930042,-1.8,2.2,27.12,105.2,1.66,6.15,,,,13,143
T,14:09:11,52.36182748,4.949457999,-2.3,0.9,64.23,108.9,1.682,2.34,,,,14,22
T,14:09:47,52.36179161,4.949633768,-1.8,1.1,55.17,205.3,1.699,3.32,,,,15,17
T,14:10:32,52.36171215,4.949828898,-1.5,1.3,44.75,219.7,1.72,3.72,,,,16,21
T,14:11:33,52.36164099,4.950035596,-1.8,2.3,26.29,111.8,1.743,6.34,,,,17,23
T,14:12:26,52.36162473,4.950059736,-2.7,0.4,145.4,120.4,1.75,1.72,,,,18,7
T,14:20:03,52.36067321,4.95138701,0.3,0.6,103.47,184.3,2.045,1.45,,,,19,295
T,14:21:53,52.35987165,4.952112297,0,0.3,234.4,143.4,2.15,0.64,,,,20,105
T,13:43:55,52.35810525,4.952351851,-5.5,4.7,12.72,274.1,0.741,18.34,Blue,Tuesday Afternoon A,,,
T,13:44:06,52.35812578,4.95216703,-4.9,4.2,14.33,280.3,0.754,12.8,,,,,
T,13:44:07,52.35813232,4.952157056,-4.7,3.6,16.74,317,0.755,1,,,,,
T,13:44:18,52.35824833,4.952117158,-5.1,4.3,13.9,348.1,0.768,13.19,,,,,
T,13:44:28,52.3583127,4.952075081,-5.1,2.8,21.6,338.2,0.776,7.72,,,,,
T,13:44:36,52.35835872,4.951974833,-5.1,3.8,15.62,306.9,0.784,8.54,,,,,
T,13:44:46,52.35841529,4.951828988,-5.4,4.2,14.17,302.4,0.796,11.76,,,,,
T,13:44:57,52.35845972,4.951816918,-5.3,1.6,36.58,350.6,0.801,5.01,,,,,
T,13:45:04,52.35845276,4.951766795,-5.5,1.8,33.32,257.2,0.805,3.5,,,,,
T,13:45:14,52.35842267,4.951694543,-5.6,2.1,28,235.7,0.81,5.95,,,,,
T,13:45:23,52.3584194,4.951540902,-5.4,4.2,14.32,268,0.821,10.47,,,,,
T,13:45:32,52.35840423,4.95139732,-5.6,4,15.11,260.2,0.831,9.93,,,,,
T,13:45:34,52.3583992,4.951364296,-5.6,4.2,14.38,256,0.833,2.32,,,,,
T,13:45:43,52.35840783,4.951214762,-4.6,4.1,14.66,275.4,0.843,10.23,,,,,
T,13:45:52,52.35839979,4.951067828,-5.5,4,14.92,264.9,0.853,10.05,,,,,
T,13:46:02,52.35839157,4.950922569,-4.7,3.6,16.77,264.7,0.863,9.94,,,,,
T,13:46:12,52.35837841,4.950730288,-4.6,4.7,12.64,263.6,0.877,13.18,,,,,
T,13:46:24,52.35837934,4.950503223,-4.1,4.6,12.93,270.4,0.892,15.47,,,,,
T,13:46:34,52.35839585,4.950341284,-4.2,4,14.9,279.5,0.903,11.18,,,,,
T,13:46:42,52.35840649,4.950293424,-4.7,1.6,38.43,290,0.907,3.47,,,,,
T,13:46:54,52.35842669,4.950324437,-4.7,0.9,64.83,43.2,0.91,3.08,,,,,
T,13:47:08,52.35842829,4.950332819,-4.4,0.2,390.24,72.7,0.91,0.6,,,,,
T,13:47:29,52.35843784,4.950278923,-4.7,0.2,301.45,217.5,0.915,0.55,,,,,
T,13:47:39,52.3584588,4.950212706,-4.7,1.8,32.82,297.4,0.92,5.08,,,,,
T,13:47:41,52.35846642,4.950182196,-4.8,4,14.85,292.3,0.922,2.25,,,,,
T,13:47:50,52.35850498,4.95008111,-4.4,3.2,18.49,302,0.93,8.11,,,,,
T,13:47:58,52.35851068,4.950065101,-5.1,0.6,105.68,300.2,0.931,1.26,,,,,
T,13:48:09,52.35853616,4.950024448,-4.9,1.3,46.25,315.7,0.935,3.96,,,,,
T,13:48:24,52.35853918,4.950021347,-4.9,0.1,630.18,327.9,0.936,0.4,,,,,
T,13:48:36,52.3585629,4.950033752,-5.3,0.8,72.16,17.7,0.938,2.77,,,,,
T,13:48:51,52.35856634,4.950034171,-5.1,0.1,651.96,4.3,0.939,0.38,,,,,
T,13:49:06,52.35855963,4.950043894,-4.5,0.2,250.56,138.5,0.94,1,,,,,
T,13:49:13,52.35857396,4.949965188,-4.4,2.9,20.85,286.6,0.945,5.59,,,,,
T,13:49:19,52.35858344,4.949882375,-4.1,3.4,17.42,280.6,0.951,5.74,,,,,
T,13:49:27,52.35859056,4.949799227,-4.3,2.6,23.31,278,0.957,5.72,,,,,
T,13:49:35,52.35857371,4.94973016,-4.8,2.3,26.32,248.2,0.962,5.07,,,,,
T,13:50:06,52.35860012,4.949635109,-3.8,1.1,55.97,235.8,0.972,3.57,,,,,
T,13:50:27,52.35859098,4.94961407,-4.2,0.3,199.18,234.6,0.974,1.76,,,,,
T,13:50:45,52.35858017,4.949612226,-4.1,0.2,247.99,185.9,0.975,1.21,,,,,
T,13:50:59,52.35856667,4.949607784,-4.2,0.4,152.32,191.4,0.977,1.53,,,,,
T,13:51:08,52.3585665,4.949586997,-4.1,0.6,105.91,269.2,0.978,1.42,,,,,
T,13:51:17,52.35854697,4.949515834,-3.9,2.1,28.23,245.8,0.984,5.31,,,,,
T,13:51:25,52.35853616,4.949476607,-3.1,1.3,45.49,245.7,0.986,2.93,,,,,
T,13:51:33,52.3585251,4.94945188,-4.1,0.9,63.9,233.8,0.989,2.09,,,,,
T,13:51:53,52.35854589,4.949437883,-3.8,0.5,133.23,337.6,0.991,2.5,,,,,
T,13:52:03,52.35853549,4.949395722,-3.4,1.1,53.83,248,0.994,3.1,,,,,
T,13:52:11,52.35850817,4.949306622,-3.7,3.1,19.64,243.3,1.001,6.79,,,,,
T,13:52:17,52.35848822,4.949215176,-3.8,4,15.12,250.3,1.008,6.61,,,,,
T,13:52:35,52.35846617,4.949076706,-3.6,1.6,37.2,271.3,1.018,4.03,,,,,
T,13:52:43,52.35846559,4.949034294,-3.6,1.3,46.13,268.7,1.02,2.89,,,,,
T,13:52:52,52.35847388,4.948984338,-3.7,1.4,42.54,285.2,1.024,3.53,,,,,
T,13:52:58,52.35848285,4.948888114,-3.3,4,15.08,278.7,1.031,6.63,,,,,
T,13:53:06,52.35850523,4.948770683,-3,3.8,15.91,287.3,1.039,8.38,,,,,
T,13:53:15,52.35853038,4.948649229,-3.1,3.5,17.17,288.7,1.048,8.73,,,,,
T,13:53:23,52.35853717,4.948552251,-3.5,3,20.05,276.5,1.054,6.65,,,,,
T,13:53:42,52.35857748,4.948516376,-2.8,1.3,46.95,322.4,1.06,2.84,,,,,
T,13:53:51,52.35861529,4.948431384,-3,2.9,20.96,306.1,1.067,7.16,,,,,
T,13:53:53,52.35863037,4.948421326,-2.7,3.3,18.38,337.8,1.069,1.81,,,,,
T,13:54:01,52.35867069,4.94841177,-2.9,2,29.41,351.8,1.073,4.53,,,,,
T,13:54:03,52.35865703,4.948384613,-2.8,4.3,13.92,230.5,1.075,2.39,,,,,
T,13:54:07,52.3586256,4.948332561,-2.5,4.5,13.38,225.3,1.08,4.98,,,,,
T,13:54:19,52.35853834,4.948208509,-2.1,3.9,15.54,221,1.093,12.87,,,,,
T,13:54:27,52.35850389,4.948097114,-2.9,3.8,15.68,243.1,1.102,8.5,,,,,
T,13:54:30,52.35848713,4.948058976,-2.3,3.8,15.63,234.3,1.105,3.2,,,,,
T,13:54:38,52.35846156,4.947918076,-2.4,4.5,13.32,253.5,1.115,10.01,,,,,
T,13:54:48,52.35852392,4.947755635,-2.9,4.7,12.76,302.2,1.128,13.06,,,,,
T,13:54:59,52.35861797,4.947668714,-3.8,3.9,15.25,330.6,1.14,12.02,,,,,
T,13:55:09,52.35872082,4.947614064,-3.9,4.3,13.85,342,1.152,12.03,,,,,
T,13:55:18,52.35880153,4.947580034,-3.7,3.7,16.17,345.6,1.161,9.28,,,,,
T,13:55:26,52.35887311,4.947545165,-2.8,3.7,16.04,343.4,1.17,8.31,,,,,
T,13:55:35,52.35899147,4.947584476,-3.1,5.4,11.16,11.5,1.183,13.44,,,,,
T,13:55:42,52.35905358,4.947620099,-3,3.8,15.93,19.3,1.19,7.32,,,,,
T,13:55:53,52.35916983,4.94770023,-2.9,4.6,13.06,22.8,1.205,14.04,,,,,
T,13:56:02,52.35925416,4.947780361,-2.2,4.3,13.82,30.1,1.215,10.86,,,,,
T,13:56:11,52.35933697,4.947824534,-3,3.9,15.47,18,1.225,9.69,,,,,
T,13:56:17,52.35939179,4.947845237,-2.9,3.8,15.97,13,1.231,6.26,,,,,
T,13:56:22,52.35944878,4.947874406,-2.6,4.8,12.54,17.4,1.238,6.65,,,,,
T,13:56:31,52.35951534,4.947942467,-2.9,3.5,17.17,32,1.247,8.74,,,,,
T,13:56:38,52.35952556,4.947981862,-3.2,1.5,40.02,67,1.25,2.92,,,,,
T,13:56:46,52.35952749,4.948103484,-3,3.7,16.09,88.5,1.258,8.29,,,,,
T,13:56:48,52.35952137,4.94814313,-2.2,5,11.97,104.2,1.261,2.79,,,,,
T,13:56:56,52.35951978,4.94827548,-2.8,4.1,14.78,91.1,1.27,9.02,,,,,
T,13:57:05,52.35948047,4.948414788,-2.8,4.2,14.35,114.8,1.28,10.45,,,,,
T,13:57:12,52.35949413,4.948461978,-2.5,1.8,32.81,64.6,1.284,3.56,,,,,
T,13:57:20,52.35951383,4.948551916,-2.2,2.9,20.49,70.3,1.29,6.51,,,,,
T,13:57:23,52.35953629,4.948581001,-2.4,3.8,15.68,38.3,1.293,3.19,,,,,
T,13:57:25,52.35955356,4.948579743,-2.3,3.5,17.33,357.5,1.295,1.92,,,,,
T,13:57:34,52.35961382,4.948539846,-2.1,2.9,20.73,338,1.303,7.24,,,,,
T,13:57:42,52.35966856,4.948513694,-2,2.9,21.01,343.7,1.309,6.35,,,,,
T,13:57:47,52.35968876,4.94848595,-2.1,2.1,28.38,320,1.312,2.94,,,,,
T,13:57:50,52.35971541,4.948455859,-1.5,4.3,13.87,325.4,1.315,3.61,,,,,
T,13:57:58,52.35977266,4.948397772,-2.7,3.4,17.78,328.2,1.323,7.5,,,,,
T,13:58:07,52.35983611,4.948374135,-2,2.9,20.71,347.2,1.33,7.24,,,,,
T,13:58:11,52.35983896,4.948310936,-2.4,3.9,15.44,274.2,1.335,4.32,,,,,
T,13:58:19,52.35983335,4.948218567,-2.3,2.8,21.08,264.3,1.341,6.32,,,,,
T,13:58:24,52.35984542,4.948197193,-2.1,1.4,42.07,312.8,1.343,1.98,,,,,
T,13:58:30,52.35988632,4.948104573,-2,4.7,12.85,305.9,1.351,7.78,,,,,
T,13:58:36,52.35993636,4.948086636,-2.3,3.4,17.54,347.7,1.356,5.7,,,,,
T,13:58:46,52.36000844,4.94804481,-2.5,3.1,19.58,340.5,1.365,8.51,,,,,
T,13:58:53,52.36001791,4.948056964,-2.4,0.7,87.05,38.1,1.366,1.34,,,,,
T,13:59:02,52.36002923,4.948084708,-2.3,0.9,66.05,56.3,1.368,2.27,,,,,
T,13:59:26,52.36002588,4.948040452,-2,0.6,92.65,251.4,1.372,2.7,,,,,
T,13:59:39,52.36001867,4.948053863,-1.8,0.3,178.21,131.4,1.373,1.22,,,,,
T,13:59:46,52.36004742,4.948028047,-2,1.9,31.96,331.3,1.377,3.65,,,,,
T,13:59:55,52.36010877,4.948026203,-1.7,2.7,21.97,358.9,1.384,6.83,,,,,
T,14:00:03,52.36016225,4.948026789,-2.1,2.7,22.41,0.4,1.389,5.95,,,,,
T,14:00:12,52.3602195,4.948035842,-2,2.6,23.44,5.5,1.396,6.4,,,,,
T,14:00:19,52.36023333,4.948039362,-1.8,0.8,74.91,8.8,1.397,1.56,,,,,
T,14:00:29,52.36025018,4.948055036,-1.9,0.8,77.25,29.6,1.4,2.16,,,,,
T,14:00:49,52.36028697,4.948053779,-2,0.7,82.08,8.1,1.404,1.83,,,,,
T,14:00:57,52.36033048,4.948049504,-2.3,2.2,27.49,356.6,1.409,4.85,,,,,
T,14:01:07,52.36041656,4.94804984,-2.3,3.4,17.4,0.1,1.418,9.58,,,,,
T,14:01:15,52.36048286,4.948040284,-2,3.3,18,355,1.426,7.41,,,,,
T,14:01:23,52.36052301,4.948060987,-2.2,2.1,28.46,17.5,1.43,4.68,,,,,
T,14:01:45,52.36057238,4.948067861,-2.1,0.7,83.07,348.7,1.436,2.21,,,,,
T,14:01:54,52.36057146,4.94807398,-2.2,0.2,349.42,103.9,1.436,0.43,,,,,
T,14:02:01,52.36058478,4.948070878,-2.1,0.8,77.88,351.9,1.438,1.5,,,,,
T,14:02:07,52.36062225,4.948070291,-1.9,2.5,23.98,359.5,1.442,4.17,,,,,
T,14:02:16,52.36068067,4.948119409,-2.1,2.9,20.52,27.2,1.449,7.31,,,,,
T,14:02:25,52.36071831,4.948144639,-1.3,1.8,33.14,22.3,1.454,4.53,,,,,
T,14:02:35,52.36079877,4.948172132,-1.8,3.3,18.22,11.8,1.463,9.15,,,,,
T,14:02:44,52.36087639,4.948202055,-1.7,3.5,16.9,13.2,1.472,8.87,,,,,
T,14:02:54,52.36096641,4.948217645,-1.2,3.6,16.55,6,1.482,10.07,,,,,
T,14:03:03,52.36103389,4.948207084,-2.3,3,19.89,354.5,1.489,7.54,,,,,
T,14:03:13,52.36105962,4.948199457,-1.9,1,57.27,349.7,1.492,2.91,,,,,
T,14:03:27,52.36106708,4.948205994,-2,0.2,247.69,28.2,1.493,0.94,,,,,
T,14:03:45,52.3610882,4.948200379,-1.9,0.6,95.71,262.7,1.497,1.39,,,,,
T,14:03:53,52.36111108,4.948182525,-1.9,1.3,47.25,334.5,1.5,2.82,,,,,
T,14:04:20,52.36113363,4.948239019,-1.4,0.6,96.44,74.5,1.505,3.11,,,,,
T,14:04:30,52.3611167,4.948238768,-1.7,0.7,88.46,180.5,1.507,1.88,,,,,
T,14:04:55,52.36113564,4.948286796,-1.6,0.9,70.03,339.5,1.514,2.38,,,,,
T,14:05:17,52.36111284,4.948229631,-1.7,0.6,92.59,257.2,1.518,1.44,,,,,
T,14:05:32,52.36111058,4.948236253,-2,0.1,483.91,119.2,1.519,0.52,,,,,
T,14:05:41,52.36111636,4.948218903,-1.9,0.5,111.46,298.6,1.52,1.35,,,,,
T,14:05:52,52.3611488,4.948243881,-1.9,1.3,45.94,25.2,1.524,3.99,,,,,
T,14:06:00,52.36121208,4.948288808,-1.4,3.5,17.37,23.4,1.532,7.68,,,,,
T,14:06:08,52.36128207,4.948320743,-0.7,3.6,16.49,15.6,1.54,8.09,,,,,
T,14:06:18,52.36137637,4.948350582,-1.5,3.8,15.59,10.9,1.551,10.69,,,,,
T,14:06:27,52.36145642,4.948356869,-1.1,3.6,16.82,2.7,1.56,8.92,,,,,
T,14:06:34,52.36150771,4.948366005,-1.1,3,20.32,6.2,1.565,5.74,,,,,
T,14:06:46,52.36159363,4.9484313,-0.9,3.2,18.97,24.9,1.576,10.54,,,,,
T,14:06:54,52.36164543,4.948503217,-1.2,3.4,17.63,40.3,1.583,7.56,,,,,
T,14:07:04,52.36169539,4.948607404,-1.6,3.2,18.49,51.9,1.592,9.02,,,,,
T,14:07:12,52.3617383,4.94872936,-1.4,4.3,13.91,60,1.602,9.58,,,,,
T,14:07:15,52.36175632,4.948779149,-0.9,4.7,12.69,59.3,1.606,3.94,,,,,
T,14:07:24,52.36183763,4.94885576,-0.6,4.2,14.36,29.9,1.616,10.44,,,,,
T,14:07:29,52.3618844,4.948869841,-0.8,3.8,15.75,10.4,1.622,5.29,,,,,
T,14:07:39,52.3619647,4.948882582,-1.4,3.2,18.57,5.5,1.631,8.98,,,,,
T,14:07:47,52.36197534,4.948919127,-1.8,1.2,48.36,64.5,1.633,2.76,,,,,
T,14:07:56,52.36196159,4.949027086,-1.9,3,19.97,101.8,1.641,7.51,,,,,
T,14:08:02,52.3619476,4.949131105,-2.2,4.4,13.78,102.4,1.648,7.26,,,,,
T,14:08:08,52.36195346,4.949213332,-1.6,3.4,17.73,83.3,1.654,5.64,,,,,
T,14:08:26,52.36193402,4.949289439,-1.7,0.4,142.73,233.1,1.661,0.93,,,,,
T,14:08:36,52.36193611,4.949309472,-2.5,0.5,120.38,80.3,1.662,1.38,,,,,
T,14:08:45,52.3618994,4.949282482,-1.7,1.8,33.48,204.2,1.667,4.48,,,,,
T,14:08:52,52.36189035,4.949311651,-1.5,1.1,52.37,116.9,1.669,2.23,,,,,
T,14:08:58,52.36186638,4.949384322,-1.2,3.4,17.78,118.4,1.675,5.62,,,,,
T,14:09:02,52.36183427,4.949425561,-1.6,4.1,14.67,141.9,1.679,4.54,,,,,
T,14:09:22,52.36183452,4.949468058,-2.1,0.3,176.14,41.1,1.683,1.04,,,,,
T,14:09:28,52.36183218,4.949550116,-1.6,3.4,17.87,92.7,1.688,5.6,,,,,
T,14:09:36,52.3618186,4.949654639,-2,3.3,18.32,102,1.695,7.28,,,,,
T,14:09:58,52.36179035,4.949649777,-1.5,0.4,166.73,97.3,1.7,1.1,,,,,
T,14:10:05,52.36175783,4.949718509,-1.4,3,19.71,127.8,1.706,5.92,,,,,
T,14:10:14,52.36172757,4.949832,-1.5,3.4,17.79,113.6,1.714,8.43,,,,,
T,14:10:22,52.36173788,4.949863851,-2,1.1,54.32,62.1,1.717,2.45,,,,,
T,14:10:41,52.36169145,4.949822109,-1.5,0.9,63.84,191.3,1.723,2.35,,,,,
T,14:10:50,52.36170905,4.94984583,-1.8,1,59.07,39.5,1.725,2.54,,,,,
T,14:11:03,52.36169413,4.949880615,-1.3,0.8,74.88,125.1,1.728,2.89,,,,,
T,14:11:12,52.36167217,4.949871059,-1.3,1,59.32,194.9,1.731,2.53,,,,,
T,14:11:17,52.36167275,4.949893104,-1.7,1.1,55.44,87.5,1.732,1.5,,,,,
T,14:11:23,52.36166211,4.949949179,-1.4,2.4,25,107.3,1.736,4,,,,,
T,14:11:52,52.36163286,4.950005841,-1.4,0.4,142.66,245.9,1.745,2.22,,,,,
T,14:12:03,52.36164166,4.950009361,-1.9,0.3,181.83,13.7,1.746,1.01,,,,,
T,14:12:11,52.36163252,4.950037943,-1.9,1,60.7,117.6,1.748,2.2,,,,,
T,14:12:37,52.36162732,4.950041464,-1.9,0.4,143.46,283.1,1.751,1.28,,,,,
T,14:12:56,52.36162196,4.950035093,-1.9,0.1,429.09,215.9,1.752,0.74,,,,,
T,14:13:15,52.3616109,4.950045319,-1.6,0.3,223.86,150.6,1.753,1.41,,,,,
T,14:13:16,52.36160687,4.950056719,-1.7,3.2,18.59,120,1.754,0.9,,,,,
T,14:13:25,52.36156136,4.950149255,-1.9,3.2,18.55,128.8,1.762,8.09,,,,,
T,14:13:33,52.36154568,4.950284203,-1.6,4.2,14.25,100.8,1.771,9.36,,,,,
T,14:13:42,52.36151333,4.950419906,-1.8,4,15.12,111.3,1.781,9.92,,,,,
T,14:13:51,52.36150344,4.950523339,-2,2.9,21.03,98.9,1.789,7.13,,,,,
T,14:13:59,52.36148282,4.950607242,-1.4,2.8,21.65,111.9,1.795,6.16,,,,,
T,14:14:10,52.36147896,4.950760379,-1.9,3.4,17.56,92.4,1.805,10.44,,,,,
T,14:14:18,52.36150134,4.95085476,-1.9,3.1,19.34,68.8,1.812,6.89,,,,,
T,14:14:25,52.36149414,4.950894993,-1.9,1.5,40.85,106.4,1.815,2.86,,,,,
T,14:14:36,52.36147553,4.950945452,-1.3,1.3,45.69,121.1,1.819,4.01,,,,,
T,14:14:42,52.36144904,4.951008987,-1.4,3.1,19.1,124.3,1.824,5.24,,,,,
T,14:14:48,52.36142012,4.951015273,-1.4,1.9,30.81,172.4,1.827,3.25,,,,,
T,14:14:55,52.36139171,4.950989205,-1.8,1.9,32.17,209.3,1.831,3.63,,,,,
T,14:15:05,52.36134787,4.950942015,-1.6,2.1,28.53,213.3,1.837,5.84,,,,,
T,14:15:16,52.36134335,4.950933466,-1.5,0.3,238.1,229.1,1.838,0.77,,,,,
T,14:15:24,52.36133815,4.950951487,-1.7,0.6,98.25,115.3,1.839,1.36,,,,,
T,14:15:36,52.36133639,4.950950146,-1.5,0.1,925.39,205,1.839,0.22,,,,,
T,14:15:45,52.36134645,4.950923491,-1.3,0.9,70.32,301.7,1.841,2.13,,,,,
T,14:15:54,52.36133706,4.950926593,-1.1,0.4,140.74,168.6,1.842,1.07,,,,,
T,14:16:05,52.3612659,4.950890047,-1.6,2.7,22.09,197.4,1.851,8.3,,,,,
T,14:16:15,52.36119985,4.950835733,-1.4,3,20.25,206.7,1.859,8.23,,,,,
T,14:16:25,52.36112919,4.950791393,-1,3,19.79,201,1.867,8.42,,,,,
T,14:16:34,52.36106046,4.950744119,-2.2,3.3,18.08,202.8,1.876,8.3,,,,,
T,14:16:41,52.36101519,4.950751578,-1.5,2.6,23.05,174.3,1.881,5.06,,,,,
T,14:16:50,52.36094277,4.950767253,-1.9,3.3,18.45,172.5,1.889,8.13,,,,,
T,14:16:58,52.360909,4.950804971,-2.3,2,29.28,145.7,1.893,4.55,,,,,
T,14:17:08,52.36088754,4.950873703,-1.9,1.9,31.71,117.1,1.899,5.26,,,,,
T,14:17:19,52.36094101,4.951009322,-1.1,3.6,16.68,57.2,1.91,10.99,,,,,
T,14:17:26,52.36096281,4.951077215,-1.8,2.7,22.34,62.3,1.915,5.22,,,,,
T,14:17:34,52.36098887,4.951157765,-1.1,2.8,21.48,62.1,1.921,6.21,,,,,
T,14:17:44,52.36100757,4.951241501,-1.3,2.2,27.45,69.9,1.927,6.07,,,,,
T,14:17:51,52.36105258,4.951262372,-0.9,2.7,22.41,15.8,1.932,5.21,,,,,
T,14:17:53,52.36107085,4.951258935,-1,3.7,16.29,353.4,1.934,2.05,,,,,
T,14:18:01,52.36115324,4.951275028,-0.7,4.2,14.44,6.8,1.944,9.23,,,,,
T,14:18:11,52.36125894,4.951224737,-1,4.4,13.61,343.8,1.956,12.25,,,,,
T,14:18:20,52.3613348,4.951166147,-1,3.7,16.07,334.7,1.965,9.34,,,,,
T,14:18:27,52.3613265,4.951177714,-0.8,0.6,96.11,139.6,1.966,1.21,,,,,
T,14:18:34,52.3613016,4.951247117,-0.7,2.8,21.29,120.4,1.972,5.48,,,,,
T,14:18:38,52.3612861,4.951265138,-1.1,1.9,31.48,144.6,1.974,2.12,,,,,
T,14:18:48,52.36123581,4.951343592,-0.3,2.8,21.54,136.4,1.982,7.74,,,,,
T,14:18:57,52.36116783,4.951364379,-0.4,3.1,19.49,169.4,1.989,7.7,,,,,
T,14:19:06,52.36109415,4.95138743,-0.2,3.3,17.97,169.2,1.998,8.35,,,,,
T,14:19:09,52.36107068,4.951395309,-0.8,3.2,18.75,168.4,2,2.67,,,,,
T,14:19:19,52.36096918,4.951406289,-0.7,4.1,14.72,176.2,2.012,11.32,,,,,
T,14:19:28,52.36088435,4.951407546,-0.7,3.8,15.89,179.5,2.021,9.44,,,,,
T,14:19:38,52.36078343,4.951408468,-0.1,4,14.84,179.7,2.032,11.23,,,,,
T,14:19:45,52.36072032,4.951413162,0,3.6,16.59,177.4,2.039,7.03,,,,,
T,14:19:54,52.3606862,4.951388603,0.4,1.7,36.16,203.7,2.044,4.15,,,,,
T,14:20:11,52.36066114,4.951400589,0.6,0.7,81.76,145.5,2.047,1.63,,,,,
T,14:20:19,52.36061001,4.951386172,0.4,2.6,23.09,189.8,2.052,5.77,,,,,
T,14:20:24,52.36056794,4.951402014,0.1,3.5,17.34,167.1,2.057,4.8,,,,,
T,14:20:38,52.36042159,4.951472757,0.8,4.4,13.74,163.6,2.074,16.98,,,,,
T,14:20:52,52.3602936,4.951587087,0.4,4.2,14.37,151.4,2.091,16.23,,,,,
T,14:21:09,52.36014423,4.951759167,0.8,4.3,13.93,144.9,2.111,20.34,,,,,
T,14:21:16,52.36008195,4.951837789,0.7,4.5,13.32,142.4,2.12,8.76,,,,,
T,14:21:27,52.35998045,4.951933846,0.4,4.3,14.04,150,2.133,13.05,,,,,
T,14:21:36,52.35992705,4.952027304,0.5,3.5,17.22,133.1,2.141,8.71,,,,,
T,14:21:44,52.35987626,4.952106681,-0.1,3.5,17.05,136.3,2.149,7.82,,,,,
T,14:22:00,52.35986495,4.952113638,0.8,0.4,155.2,173,2.151,0.75,,,,,
T,14:22:08,52.35985329,4.952092431,0.6,0.9,68.69,228,2.153,1.94,,,,,
T,14:22:16,52.35982832,4.952114057,0.2,1.4,42.39,152.1,2.156,3.15,,,,,
T,14:22:23,52.35981608,4.95212202,-0.5,0.8,79.59,158.3,2.157,1.47,,,,,
T,14:22:32,52.35977224,4.952166779,-0.1,2.3,26.08,148.1,2.163,5.75,,,,,
T,14:22:40,52.35973083,4.952222435,-0.1,2.7,22.35,140.6,2.169,5.97,,,,,
T,14:22:48,52.35969161,4.952264931,0,2.4,25.46,146.5,2.174,5.24,,,,,
T,14:22:57,52.35966437,4.952301811,0,1.6,38.1,140.4,2.178,3.94,,,,,
T,14:23:00,52.35965766,4.952267613,0.2,2.9,20.44,252.2,2.18,2.45,,,,,
T,14:23:10,52.35963159,4.95215429,-0.1,3,20.21,249.4,2.189,8.25,,,,,
T,14:23:18,52.35962723,4.952129731,-0.4,0.8,76.54,253.8,2.19,1.74,,,,,
T,14:23:28,52.35962673,4.952118583,-0.4,0.3,218.86,265.8,2.191,0.76,,,,,
T,14:23:41,52.35960905,4.952111961,0,0.6,107.31,192.9,2.193,2.02,,,,,
T,14:23:53,52.35960846,4.952168958,-0.2,1.2,51.5,91,2.197,3.88,,,,,
T,14:24:02,52.35961475,4.952232744,-0.3,1.8,34.08,80.8,2.202,4.4,,,,,
T,14:24:11,52.35959178,4.952316564,-0.4,2.5,23.98,114.2,2.208,6.26,,,,,
T,14:24:20,52.3595585,4.952417649,-0.3,3.1,19.18,118.3,2.216,7.82,,,,,
T,14:24:28,52.3595062,4.952491075,0.8,3.5,17.37,139.4,2.223,7.67,,,,,
T,14:24:36,52.35944258,4.952536756,0.5,3.5,17.24,156.3,2.231,7.73,,,,,
T,14:24:46,52.35936429,4.952588137,0.1,3.4,17.75,158.2,2.24,9.39,,,,,
T,14:24:54,52.35935658,4.9525904,0.2,0.4,152.94,169.8,2.241,0.87,,,,,
T,14:25:05,52.35932482,4.952614289,0.2,1.3,47.11,155.3,2.245,3.89,,,,,
T,14:25:18,52.35927704,4.952620408,0.4,1.5,40.63,175.5,2.25,5.33,,,,,
T,14:25:30,52.35923194,4.952633986,0.2,1.5,39.2,169.6,2.256,5.1,,,,,
T,14:25:32,52.35920889,4.952637758,0.4,4.6,12.93,174.3,2.258,2.58,,,,,
T,14:25:43,52.35907755,4.952601045,0.8,4.9,12.36,189.7,2.273,14.83,,,,,
T,14:25:52,52.35902256,4.952557292,0.4,2.7,22.04,205.9,2.28,6.81,,,,,
